,Questao,Discriminação,Dificuldade
0,IN_AGUA_POTAVEL,0.6144899771584154,-4.520569000581579
1,IN_LIXO_SERVICO_COLETA,3.164622093056974,-0.7987193562546505
2,IN_LIXO_QUEIMA,0.2000034181083939,5.741209584124364
3,IN_LIXO_ENTERRA,0.5623657225419182,5.889444235352115
4,IN_LIXO_DESCARTA_OUTRA_AREA,0.5230869116209007,5.848735439564281
5,IN_ALMOXARIFADO,1.1620884980747792,-0.14896765490272465
6,IN_AREA_VERDE,0.4007864357551686,1.8319971032122466
7,IN_AREA_PLANTIO,0.6115175401014286,4.081307858252245
8,IN_AUDITORIO,2.703106301168116,1.7032312791246593
9,IN_BANHEIRO,1.7267279939303508,-3.4808916510735584
10,IN_BANHEIRO_EI,0.3608595904106674,2.6732553811118613
11,IN_BANHEIRO_PNE,2.186543366607703,-0.10860334249363943
12,IN_BANHEIRO_FUNCIONARIOS,2.9937525666671063,-0.6705709627124574
13,IN_BANHEIRO_CHUVEIRO,1.1933558368888013,0.18847352041580112
14,IN_BIBLIOTECA,2.6674486394705923,0.7262200402024315
15,IN_BIBLIOTECA_SALA_LEITURA,3.4579416478906464,-0.013667813078600256
16,IN_COZINHA,1.6632611662465289,-3.096565303854308
17,IN_DESPENSA,1.8393684642741484,-0.99889706477312
18,IN_DORMITORIO_ALUNO,0.699823905435488,5.84416431987087
19,IN_DORMITORIO_PROFESSOR,0.6998298353343609,5.85137250274347
20,IN_LABORATORIO_CIENCIAS,1.7211427148053657,1.942587968247461
21,IN_LABORATORIO_INFORMATICA,1.4799257242996646,0.6679610686720694
22,IN_PARQUE_INFANTIL,0.5723992833876316,1.2462552157032294
23,IN_PISCINA,2.7522058405848924,2.8256792520490857
24,IN_QUADRA_ESPORTES,3.420296791786411,0.2343921318561365
25,IN_QUADRA_ESPORTES_COBERTA,4.999995907769644,0.49549347983288516
26,IN_QUADRA_ESPORTES_DESCOBERTA,0.6729320762517417,2.735796942352394
27,IN_REFEITORIO,1.3537886879205359,-0.09695208327313105
28,IN_SALA_ATELIE_ARTES,1.2694415015818807,2.7026203195650593
29,IN_SALA_MULTIUSO,0.6115259670938117,3.8850676836572644
30,IN_SALA_DIRETORIA,2.3863061543792097,-0.6801979456399464
31,IN_SALA_LEITURA,1.2164457192161149,0.7027999392072029
32,IN_SALA_PROFESSOR,2.468043381735901,-0.5378649395335341
33,IN_SALA_REPOUSO_ALUNO,0.699831022933111,5.852816107289306
34,IN_SECRETARIA,2.890461560751267,-0.6101448913938697
35,IN_SALA_ATENDIMENTO_ESPECIAL,1.073518390334709,1.1249643357094583
36,IN_TERREIRAO,0.346356164676753,5.935225160553814
37,IN_VIVEIRO,0.8274709204755615,5.888344183888109
38,IN_ACESSIBILIDADE_CORRIMAO,1.2163629970617433,1.0879150167739964
39,IN_ACESSIBILIDADE_ELEVADOR,2.398691658746604,2.9694207591354256
40,IN_ACESSIBILIDADE_PISOS_TATEIS,0.729359247351008,3.33808151167145
41,IN_ACESSIBILIDADE_VAO_LIVRE,0.5327113401731335,-0.1167015655898653
42,IN_ACESSIBILIDADE_RAMPAS,1.1353838389835753,-0.3255831820108398
43,IN_ACESSIBILIDADE_SINAL_SONORO,0.8274713043239472,5.888812916400997
44,IN_ACESSIBILIDADE_SINAL_TATIL,0.9650335305563914,4.517731347996194
45,IN_ACESSIBILIDADE_SINAL_VISUAL,0.6213446032601811,4.237495024636418
46,IN_ACESSIBILIDADE_INEXISTENTE,0.2000034181083939,5.741209584124364
47,IN_ACESSIBILIDADE_SINALIZACAO,0.699831022933111,5.852816107289306
48,IN_COMPUTADOR,2.5845182738292194,-1.0427934681389004
49,IN_EQUIP_COPIADORA,1.3969100914889403,0.9546100738368463
50,IN_EQUIP_IMPRESSORA,0.7537521517403082,-0.5574839902984409
51,IN_EQUIP_IMPRESSORA_MULT,2.2842736299638187,-0.5857314892878824
52,IN_EQUIP_SCANNER,1.4768384281954503,1.2143316891431617
53,IN_EQUIP_NENHUM,0.36597795993076226,5.878744464539074
54,IN_EQUIP_DVD,0.6462725127411034,1.661788775337444
55,IN_DESKTOP_ALUNO,0.9247902923111205,-0.07455985069152289
56,IN_COMP_PORTATIL_ALUNO,0.9386512550274767,0.6776263194117167
57,IN_TABLET_ALUNO,0.4544021197147835,2.497757525570593
58,IN_ACESSO_INTERNET_COMPUTADOR,1.1544533231274674,0.3656774252023261
59,IN_ACES_INTERNET_DISP_PESSOAIS,0.5737694822337451,3.2791928495181217
60,IN_BANDA_LARGA,1.5856681126123966,-1.62907323723087
61,recode_abastecimento_agua,1.6550141012615864,-3.105317148903989
62,recode_energia,2.645571909296079,-2.8640057765840594
63,recode_esgoto,1.3221571373158785,-2.796004934293003
64,recode_destinacao_lixo,0.9777520243672008,-5.20458827153309
65,recode_tratamento_lixo,0.6106067107215646,0.9534045194105611
66,recode_patio,2.069959242276315,-0.9507206164337825
67,recode_internet,2.452231517519164,-1.7568688583102015
